city,AQI
London,146.92555960032422
Los Angeles,145.40452544949858
Sydney,145.3983258643002
Beijing,145.29396386276537
New Delhi,144.98257175708898
